{
  "record": [
    {
      "id"   : 1,
      "Name" : "Alfreds Futterkiste",
      "City" : "Berlin",
      "Country" : "Germany"
    },
    {
      "id"   : 2,
      "Name" : "Berglunds snabbköp",
      "City" : "Luleå",
      "Country" : "Sweden"
    },
    {
      "id"   : 3,
      "Name" : "Centro comercial Moctezuma",
      "City" : "México D.F.",
      "Country" : "Mexico"
    },
    {
      "id"   : 4,
      "Name" : "Ernst Handel",
      "City" : "Graz",
      "Country" : "Austria"
    },
    {
      "id"   : 5,
      "Name" : "FISSA Fabrica Inter. Salchichas S.A.",
      "City" : "Madrid",
      "Country" : "Spain"
    },
    {
      "id"   : 6,
      "Name" : "Galería del gastrónomo",
      "City" : "Barcelona",
      "Country" : "Spain"
    },
    {
      "id"   : 7,
      "Name" : "Island Trading",
      "City" : "Cowes",
      "Country" : "UK"
    },
    {
      "id"   : 8,
      "Name" : "Königlich Essen",
      "City" : "Brandenburg",
      "Country" : "Germany"
    },
    {
      "id"   : 9,
      "Name" : "Laughing Bacchus Wine Cellars",
      "City" : "Vancouver",
      "Country" : "Canada"
    },
    {
      "id"   : 10,
      "Name" : "Magazzini Alimentari Riuniti",
      "City" : "Bergamo",
      "Country" : "Italy"
    },
    {
      "id"   : 11,
      "Name" : "North/South",
      "City" : "London",
      "Country" : "UK"
    },
    {
      "id"   : 12,
      "Name" : "Paris spécialités",
      "City" : "Paris",
      "Country" : "France"
    },
    {
      "id"   : 13,
      "Name" : "Rattlesnake Canyon Grocery",
      "City" : "Albuquerque",
      "Country" : "USA"
    },
    {
      "id"   : 14,
      "Name" : "Simons bistro",
      "City" : "København",
      "Country" : "Denmark"
    },
    {
      "id"   : 15,
      "Name" : "The Big Cheese",
      "City" : "Portland",
      "Country" : "USA"
    },
    {
      "id"   : 16,
      "Name" : "Vaffeljernet",
      "City" : "Århus",
      "Country" : "Denmark"
    },
    {
      "id"   : 17,
      "Name" : "Wolski Zajazd",
      "City" : "Warszawa",
      "Country" : "Poland"
    }
  ]
}