[
        {
            "name": "Kathryn Abernathy",
            "location": "Asheville NC",
            "info": "River Arts District"
        },
        {
            "name": "Luke Allsbrook",
            "location": "Waynesville, NC",
            "info": "lukeallsbrook.net"
        },
        {
            "name": "Dona D. Barnett",
            "location": "Fairview, NC",
            "info": "Studio: by appointment"
        },
        {
            "name": "Galen Frost Bernard",
            "location": "Riverview Station 191 Lyman Street, Asheville, NC",
            "info": "Studio: by appointment"
        },
        {
            "name": "Mark Bettis",
            "location": "122 Riverside Drive, Asheville, NC",
            "info": "(941) 587-9502"
        },
        {
            "name": "Sandra Bottinelli",
            "location": "WhiteSPACE in the Wedge Studios",
            "info": "(828) 329-4785 | sandrabottinelli.com"
        },
        {
            "name": "Arthur Brouthers",
            "location": "Phil Mechanic studios in RAD, Asheville, NC",
            "info": "Studio: By appointment (704) 953-7332"
        }

]
